{"font_size":16,"imageW":512,"imageH":256,"spread":4,"noFilter":1,"channels":1,"char_infos":[{"c":1,"x0":85,"y0":49,"yoffs":2,"w":8,"h":10},{"c":2,"x0":102,"y0":49,"yoffs":2,"w":8,"h":10},{"c":3,"x0":296,"y0":106,"yoffs":4,"xpad":1,"w":7,"h":8},{"c":4,"x0":101,"y0":126,"yoffs":4,"xpad":1,"w":7,"h":7},{"c":5,"x0":400,"y0":85,"yoffs":3,"w":8,"h":9},{"c":6,"x0":417,"y0":84,"yoffs":3,"w":8,"h":9},{"c":7,"x0":242,"y0":140,"yoffs":6,"xpad":2,"w":6,"h":4},{"c":8,"x0":4,"y0":4,"w":8,"h":16},{"c":9,"x0":499,"y0":119,"yoffs":5,"xpad":1,"w":7,"h":6},{"c":10,"x0":21,"y0":4,"w":8,"h":16},{"c":11,"x0":119,"y0":49,"yoffs":2,"xpad":1,"w":7,"h":10},{"c":12,"x0":135,"y0":49,"yoffs":2,"xpad":1,"w":7,"h":10},{"c":13,"x0":151,"y0":49,"yoffs":2,"w":8,"h":10},{"c":14,"x0":82,"y0":29,"yoffs":2,"w":8,"h":11},{"c":15,"x0":434,"y0":84,"yoffs":3,"w":8,"h":9},{"c":16,"x0":99,"y0":29,"yoffs":1,"xpad":1,"w":7,"h":11},{"c":17,"x0":115,"y0":29,"yoffs":1,"xpad":1,"w":7,"h":11},{"c":18,"x0":451,"y0":84,"yoffs":2,"xpad":1,"w":7,"h":9},{"c":19,"x0":168,"y0":49,"yoffs":2,"xpad":1,"w":7,"h":10},{"c":20,"x0":184,"y0":49,"yoffs":2,"w":8,"h":10},{"c":21,"x0":478,"y0":4,"yoffs":1,"xpad":1,"w":7,"h":12},{"c":22,"x0":257,"y0":140,"yoffs":8,"xpad":1,"w":7,"h":4},{"c":23,"x0":201,"y0":49,"yoffs":2,"xpad":1,"w":7,"h":10},{"c":24,"x0":217,"y0":49,"yoffs":2,"xpad":1,"w":7,"h":10},{"c":25,"x0":233,"y0":49,"yoffs":2,"xpad":1,"w":7,"h":10},{"c":26,"x0":64,"y0":143,"yoffs":5,"xpad":1,"w":7,"h":5},{"c":27,"x0":80,"y0":143,"yoffs":5,"xpad":1,"w":7,"h":5},{"c":28,"x0":273,"y0":140,"yoffs":6,"xpad":1,"w":7,"h":4},{"c":29,"x0":96,"y0":143,"yoffs":5,"xpad":1,"w":7,"h":5},{"c":30,"x0":117,"y0":124,"yoffs":4,"xpad":1,"w":7,"h":7},{"c":31,"x0":133,"y0":124,"yoffs":4,"xpad":1,"w":7,"h":7},{"c":32,"xpad":8},{"c":33,"x0":249,"y0":49,"yoffs":2,"xpad":2,"w":6,"h":10},{"c":34,"x0":289,"y0":140,"yoffs":1,"xpad":1,"w":7,"h":4},{"c":35,"x0":467,"y0":84,"yoffs":3,"xpad":1,"w":7,"h":9},{"c":36,"x0":364,"y0":4,"xpad":1,"w":7,"h":14},{"c":37,"x0":312,"y0":106,"yoffs":4,"xpad":1,"w":7,"h":8},{"c":38,"x0":264,"y0":49,"yoffs":2,"xpad":1,"w":7,"h":10},{"c":39,"x0":305,"y0":140,"yoffs":1,"xpad":4,"w":4,"h":4},{"c":40,"x0":280,"y0":49,"yoffs":2,"xpad":2,"w":6,"h":10},{"c":41,"x0":295,"y0":49,"yoffs":2,"xpad":2,"w":6,"h":10},{"c":42,"x0":112,"y0":142,"yoffs":5,"w":8,"h":5},{"c":43,"x0":129,"y0":140,"yoffs":5,"xpad":1,"w":7,"h":5},{"c":44,"x0":318,"y0":139,"yoffs":9,"xpad":3,"w":5,"h":4},{"c":45,"x0":454,"y0":135,"yoffs":7,"xpad":1,"w":7,"h":1},{"c":46,"x0":410,"y0":139,"yoffs":10,"xpad":3,"w":5,"h":2},{"c":47,"x0":328,"y0":106,"yoffs":4,"xpad":1,"w":7,"h":8},{"c":48,"x0":310,"y0":49,"yoffs":2,"xpad":1,"w":7,"h":10},{"c":49,"x0":326,"y0":49,"yoffs":2,"xpad":1,"w":7,"h":10},{"c":50,"x0":342,"y0":49,"yoffs":2,"xpad":1,"w":7,"h":10},{"c":51,"x0":358,"y0":49,"yoffs":2,"xpad":1,"w":7,"h":10},{"c":52,"x0":374,"y0":47,"yoffs":2,"xpad":1,"w":7,"h":10},{"c":53,"x0":390,"y0":47,"yoffs":2,"xpad":1,"w":7,"h":10},{"c":54,"x0":406,"y0":46,"yoffs":2,"xpad":1,"w":7,"h":10},{"c":55,"x0":422,"y0":46,"yoffs":2,"xpad":1,"w":7,"h":10},{"c":56,"x0":438,"y0":46,"yoffs":2,"xpad":1,"w":7,"h":10},{"c":57,"x0":454,"y0":46,"yoffs":2,"xpad":1,"w":7,"h":10},{"c":58,"x0":149,"y0":124,"yoffs":4,"xpad":3,"w":5,"h":7},{"c":59,"x0":344,"y0":106,"yoffs":4,"xpad":3,"w":5,"h":8},{"c":60,"x0":483,"y0":84,"yoffs":3,"xpad":1,"w":7,"h":9},{"c":61,"x0":332,"y0":139,"yoffs":5,"xpad":1,"w":7,"h":4},{"c":62,"x0":499,"y0":83,"yoffs":3,"xpad":1,"w":7,"h":9},{"c":63,"x0":470,"y0":46,"yoffs":2,"xpad":1,"w":7,"h":10},{"c":64,"x0":4,"y0":108,"yoffs":3,"xpad":1,"w":7,"h":9},{"c":65,"x0":486,"y0":45,"yoffs":2,"xpad":1,"w":7,"h":10},{"c":66,"x0":4,"y0":70,"yoffs":2,"xpad":1,"w":7,"h":10},{"c":67,"x0":20,"y0":70,"yoffs":2,"xpad":1,"w":7,"h":10},{"c":68,"x0":36,"y0":70,"yoffs":2,"xpad":1,"w":7,"h":10},{"c":69,"x0":52,"y0":70,"yoffs":2,"xpad":1,"w":7,"h":10},{"c":70,"x0":68,"y0":70,"yoffs":2,"xpad":1,"w":7,"h":10},{"c":71,"x0":84,"y0":70,"yoffs":2,"xpad":1,"w":7,"h":10},{"c":72,"x0":100,"y0":68,"yoffs":2,"xpad":1,"w":7,"h":10},{"c":73,"x0":116,"y0":68,"yoffs":2,"xpad":2,"w":6,"h":10},{"c":74,"x0":131,"y0":68,"yoffs":2,"xpad":1,"w":7,"h":10},{"c":75,"x0":147,"y0":68,"yoffs":2,"xpad":1,"w":7,"h":10},{"c":76,"x0":163,"y0":68,"yoffs":2,"xpad":1,"w":7,"h":10},{"c":77,"x0":179,"y0":68,"yoffs":2,"xpad":1,"w":7,"h":10},{"c":78,"x0":195,"y0":68,"yoffs":2,"xpad":1,"w":7,"h":10},{"c":79,"x0":211,"y0":68,"yoffs":2,"xpad":1,"w":7,"h":10},{"c":80,"x0":227,"y0":68,"yoffs":2,"xpad":1,"w":7,"h":10},{"c":81,"x0":494,"y0":4,"yoffs":2,"xpad":1,"w":7,"h":12},{"c":82,"x0":243,"y0":68,"yoffs":2,"xpad":1,"w":7,"h":10},{"c":83,"x0":259,"y0":68,"yoffs":2,"xpad":1,"w":7,"h":10},{"c":84,"x0":275,"y0":68,"yoffs":2,"xpad":1,"w":7,"h":10},{"c":85,"x0":291,"y0":68,"yoffs":2,"xpad":1,"w":7,"h":10},{"c":86,"x0":307,"y0":68,"yoffs":2,"xpad":1,"w":7,"h":10},{"c":87,"x0":323,"y0":68,"yoffs":2,"xpad":1,"w":7,"h":10},{"c":88,"x0":339,"y0":68,"yoffs":2,"xpad":1,"w":7,"h":10},{"c":89,"x0":355,"y0":68,"yoffs":2,"xpad":1,"w":7,"h":10},{"c":90,"x0":371,"y0":68,"yoffs":2,"xpad":1,"w":7,"h":10},{"c":91,"x0":387,"y0":66,"yoffs":2,"xpad":2,"w":6,"h":10},{"c":92,"x0":20,"y0":108,"yoffs":3,"xpad":1,"w":7,"h":9},{"c":93,"x0":402,"y0":66,"yoffs":2,"xpad":2,"w":6,"h":10},{"c":94,"x0":348,"y0":139,"xpad":1,"w":7,"h":4},{"c":95,"x0":470,"y0":135,"yoffs":13,"w":8,"h":1},{"c":96,"x0":379,"y0":139,"xpad":3,"w":5,"h":3},{"c":97,"x0":163,"y0":124,"yoffs":5,"xpad":1,"w":7,"h":7},{"c":98,"x0":417,"y0":65,"yoffs":2,"xpad":1,"w":7,"h":10},{"c":99,"x0":179,"y0":124,"yoffs":5,"xpad":1,"w":7,"h":7},{"c":100,"x0":433,"y0":65,"yoffs":2,"xpad":1,"w":7,"h":10},{"c":101,"x0":195,"y0":124,"yoffs":5,"xpad":1,"w":7,"h":7},{"c":102,"x0":449,"y0":65,"yoffs":2,"xpad":2,"w":6,"h":10},{"c":103,"x0":464,"y0":65,"yoffs":5,"xpad":1,"w":7,"h":10},{"c":104,"x0":480,"y0":65,"yoffs":2,"xpad":1,"w":7,"h":10},{"c":105,"x0":496,"y0":64,"yoffs":2,"xpad":2,"w":6,"h":10},{"c":106,"x0":397,"y0":4,"yoffs":2,"xpad":1,"w":7,"h":13},{"c":107,"x0":4,"y0":89,"yoffs":2,"xpad":1,"w":7,"h":10},{"c":108,"x0":20,"y0":89,"yoffs":2,"xpad":2,"w":6,"h":10},{"c":109,"x0":211,"y0":124,"yoffs":5,"xpad":1,"w":7,"h":7},{"c":110,"x0":227,"y0":124,"yoffs":5,"xpad":1,"w":7,"h":7},{"c":111,"x0":243,"y0":124,"yoffs":5,"xpad":1,"w":7,"h":7},{"c":112,"x0":35,"y0":89,"yoffs":5,"xpad":1,"w":7,"h":10},{"c":113,"x0":51,"y0":89,"yoffs":5,"xpad":1,"w":7,"h":10},{"c":114,"x0":259,"y0":124,"yoffs":5,"xpad":1,"w":7,"h":7},{"c":115,"x0":275,"y0":124,"yoffs":5,"xpad":1,"w":7,"h":7},{"c":116,"x0":67,"y0":89,"yoffs":2,"xpad":1,"w":7,"h":10},{"c":117,"x0":291,"y0":124,"yoffs":5,"xpad":1,"w":7,"h":7},{"c":118,"x0":307,"y0":123,"yoffs":5,"xpad":1,"w":7,"h":7},{"c":119,"x0":323,"y0":123,"yoffs":5,"xpad":1,"w":7,"h":7},{"c":120,"x0":339,"y0":123,"yoffs":5,"xpad":1,"w":7,"h":7},{"c":121,"x0":83,"y0":89,"yoffs":5,"xpad":1,"w":7,"h":10},{"c":122,"x0":355,"y0":123,"yoffs":5,"xpad":1,"w":7,"h":7},{"c":123,"x0":99,"y0":89,"yoffs":2,"xpad":1,"w":7,"h":10},{"c":124,"x0":115,"y0":87,"yoffs":2,"xpad":3,"w":5,"h":10},{"c":125,"x0":129,"y0":87,"yoffs":2,"xpad":1,"w":7,"h":10},{"c":126,"x0":424,"y0":136,"yoffs":2,"xpad":1,"w":7,"h":2},{"c":127,"x0":371,"y0":123,"yoffs":4,"xpad":1,"w":7,"h":7},{"c":160,"xpad":8},{"c":161,"x0":145,"y0":87,"yoffs":2,"xpad":2,"w":6,"h":10},{"c":162,"x0":131,"y0":29,"yoffs":1,"xpad":1,"w":7,"h":11},{"c":163,"x0":147,"y0":29,"yoffs":1,"xpad":1,"w":7,"h":11},{"c":165,"x0":160,"y0":87,"yoffs":2,"xpad":1,"w":7,"h":10},{"c":167,"x0":478,"y0":4,"yoffs":1,"xpad":1,"w":7,"h":12},{"c":170,"x0":4,"y0":143,"yoffs":1,"xpad":1,"w":7,"h":6},{"c":171,"x0":145,"y0":140,"yoffs":5,"xpad":1,"w":7,"h":5},{"c":172,"x0":161,"y0":140,"yoffs":6,"xpad":1,"w":7,"h":5},{"c":176,"x0":364,"y0":139,"yoffs":1,"xpad":2,"w":6,"h":4},{"c":177,"x0":358,"y0":106,"yoffs":4,"w":8,"h":8},{"c":178,"x0":20,"y0":143,"yoffs":1,"xpad":3,"w":5,"h":6},{"c":181,"x0":36,"y0":108,"yoffs":4,"xpad":1,"w":7,"h":9},{"c":182,"x0":184,"y0":49,"yoffs":2,"w":8,"h":10},{"c":183,"x0":487,"y0":135,"yoffs":8,"xpad":3,"w":5,"h":1},{"c":186,"x0":34,"y0":143,"yoffs":1,"xpad":2,"w":6,"h":6},{"c":187,"x0":177,"y0":140,"yoffs":5,"xpad":1,"w":7,"h":5},{"c":188,"x0":413,"y0":4,"yoffs":1,"xpad":1,"w":7,"h":13},{"c":189,"x0":429,"y0":4,"yoffs":1,"xpad":1,"w":7,"h":13},{"c":191,"x0":176,"y0":87,"yoffs":2,"xpad":1,"w":7,"h":10},{"c":196,"x0":163,"y0":29,"yoffs":1,"xpad":1,"w":7,"h":11},{"c":197,"x0":4,"y0":29,"xpad":1,"w":7,"h":12},{"c":198,"x0":192,"y0":87,"yoffs":2,"xpad":1,"w":7,"h":10},{"c":199,"x0":20,"y0":29,"yoffs":2,"xpad":1,"w":7,"h":12},{"c":201,"x0":36,"y0":29,"xpad":1,"w":7,"h":12},{"c":209,"x0":52,"y0":29,"xpad":1,"w":7,"h":12},{"c":214,"x0":179,"y0":29,"yoffs":1,"xpad":1,"w":7,"h":11},{"c":220,"x0":195,"y0":29,"yoffs":1,"xpad":1,"w":7,"h":11},{"c":223,"x0":208,"y0":87,"yoffs":2,"xpad":1,"w":7,"h":10},{"c":224,"x0":211,"y0":29,"yoffs":1,"xpad":1,"w":7,"h":11},{"c":225,"x0":227,"y0":29,"yoffs":1,"xpad":1,"w":7,"h":11},{"c":226,"x0":243,"y0":29,"yoffs":1,"xpad":1,"w":7,"h":11},{"c":228,"x0":224,"y0":87,"yoffs":2,"xpad":1,"w":7,"h":10},{"c":229,"x0":259,"y0":29,"yoffs":1,"xpad":1,"w":7,"h":11},{"c":230,"x0":387,"y0":123,"yoffs":5,"xpad":1,"w":7,"h":7},{"c":231,"x0":52,"y0":108,"yoffs":4,"xpad":1,"w":7,"h":9},{"c":232,"x0":275,"y0":29,"yoffs":1,"xpad":1,"w":7,"h":11},{"c":233,"x0":291,"y0":29,"yoffs":1,"xpad":1,"w":7,"h":11},{"c":234,"x0":307,"y0":29,"yoffs":1,"xpad":1,"w":7,"h":11},{"c":235,"x0":240,"y0":87,"yoffs":2,"xpad":1,"w":7,"h":10},{"c":236,"x0":323,"y0":29,"yoffs":1,"xpad":2,"w":6,"h":11},{"c":237,"x0":338,"y0":29,"yoffs":1,"xpad":2,"w":6,"h":11},{"c":238,"x0":353,"y0":29,"yoffs":1,"xpad":1,"w":7,"h":11},{"c":239,"x0":256,"y0":87,"yoffs":2,"xpad":1,"w":7,"h":10},{"c":241,"x0":272,"y0":87,"yoffs":2,"xpad":1,"w":7,"h":10},{"c":242,"x0":369,"y0":27,"yoffs":1,"xpad":1,"w":7,"h":11},{"c":243,"x0":385,"y0":27,"yoffs":1,"xpad":1,"w":7,"h":11},{"c":244,"x0":401,"y0":26,"yoffs":1,"xpad":1,"w":7,"h":11},{"c":246,"x0":288,"y0":87,"yoffs":2,"xpad":1,"w":7,"h":10},{"c":247,"x0":403,"y0":123,"yoffs":4,"xpad":1,"w":7,"h":7},{"c":249,"x0":417,"y0":26,"yoffs":1,"xpad":1,"w":7,"h":11},{"c":250,"x0":433,"y0":26,"yoffs":1,"xpad":1,"w":7,"h":11},{"c":251,"x0":449,"y0":26,"yoffs":1,"xpad":1,"w":7,"h":11},{"c":252,"x0":304,"y0":87,"yoffs":2,"xpad":1,"w":7,"h":10},{"c":255,"x0":445,"y0":4,"yoffs":2,"xpad":1,"w":7,"h":13},{"c":402,"x0":461,"y0":4,"yoffs":1,"w":8,"h":13},{"c":915,"x0":320,"y0":87,"yoffs":2,"xpad":1,"w":7,"h":10},{"c":920,"x0":68,"y0":108,"yoffs":3,"xpad":1,"w":7,"h":9},{"c":931,"x0":84,"y0":108,"yoffs":3,"xpad":1,"w":7,"h":9},{"c":934,"x0":100,"y0":108,"yoffs":3,"xpad":1,"w":7,"h":9},{"c":937,"x0":336,"y0":87,"yoffs":2,"xpad":1,"w":7,"h":10},{"c":945,"x0":419,"y0":120,"yoffs":5,"xpad":1,"w":7,"h":7},{"c":948,"x0":352,"y0":87,"yoffs":2,"xpad":1,"w":7,"h":10},{"c":949,"x0":368,"y0":87,"yoffs":2,"xpad":2,"w":6,"h":10},{"c":960,"x0":375,"y0":106,"yoffs":4,"xpad":1,"w":7,"h":8},{"c":963,"x0":435,"y0":119,"yoffs":5,"xpad":1,"w":7,"h":7},{"c":964,"x0":391,"y0":106,"yoffs":4,"xpad":1,"w":7,"h":8},{"c":966,"x0":116,"y0":106,"yoffs":3,"w":8,"h":9},{"c":8319,"x0":49,"y0":143,"yoffs":1,"xpad":2,"w":6,"h":6},{"c":8359,"x0":465,"y0":26,"yoffs":1,"xpad":1,"w":7,"h":11},{"c":8592,"x0":80,"y0":143,"yoffs":5,"xpad":1,"w":7,"h":5},{"c":8593,"x0":217,"y0":49,"yoffs":2,"xpad":1,"w":7,"h":10},{"c":8594,"x0":64,"y0":143,"yoffs":5,"xpad":1,"w":7,"h":5},{"c":8595,"x0":233,"y0":49,"yoffs":2,"xpad":1,"w":7,"h":10},{"c":8596,"x0":96,"y0":143,"yoffs":5,"xpad":1,"w":7,"h":5},{"c":8597,"x0":451,"y0":84,"yoffs":2,"xpad":1,"w":7,"h":9},{"c":8616,"x0":201,"y0":49,"yoffs":2,"xpad":1,"w":7,"h":10},{"c":8729,"x0":440,"y0":135,"yoffs":7,"xpad":3,"w":5,"h":2},{"c":8730,"x0":481,"y0":25,"yoffs":1,"w":8,"h":11},{"c":8734,"x0":193,"y0":140,"yoffs":5,"w":8,"h":5},{"c":8735,"x0":273,"y0":140,"yoffs":6,"xpad":1,"w":7,"h":4},{"c":8745,"x0":133,"y0":106,"yoffs":3,"xpad":1,"w":7,"h":9},{"c":8776,"x0":210,"y0":140,"yoffs":5,"xpad":1,"w":7,"h":5},{"c":8801,"x0":451,"y0":119,"yoffs":4,"xpad":1,"w":7,"h":7},{"c":8804,"x0":149,"y0":106,"yoffs":3,"xpad":1,"w":7,"h":9},{"c":8805,"x0":165,"y0":106,"yoffs":3,"xpad":1,"w":7,"h":9},{"c":8962,"x0":371,"y0":123,"yoffs":4,"xpad":1,"w":7,"h":7},{"c":8976,"x0":226,"y0":140,"yoffs":6,"xpad":1,"w":7,"h":5},{"c":8992,"x0":380,"y0":4,"yoffs":2,"w":8,"h":14},{"c":8993,"x0":68,"y0":29,"xpad":3,"w":5,"h":12},{"c":9472,"x0":4,"y0":158,"yoffs":7,"w":8,"h":1},{"c":9474,"x0":38,"y0":4,"xpad":3,"w":5,"h":16},{"c":9484,"x0":181,"y0":106,"yoffs":7,"w":8,"h":9},{"c":9488,"x0":198,"y0":106,"yoffs":7,"xpad":3,"w":5,"h":9},{"c":9492,"x0":407,"y0":103,"w":8,"h":8},{"c":9496,"x0":424,"y0":102,"xpad":3,"w":5,"h":8},{"c":9500,"x0":52,"y0":4,"w":8,"h":16},{"c":9508,"x0":69,"y0":4,"xpad":3,"w":5,"h":16},{"c":9516,"x0":212,"y0":106,"yoffs":7,"w":8,"h":9},{"c":9524,"x0":438,"y0":102,"w":8,"h":8},{"c":9532,"x0":83,"y0":4,"w":8,"h":16},{"c":9552,"x0":393,"y0":139,"yoffs":5,"w":8,"h":3},{"c":9553,"x0":100,"y0":4,"xpad":1,"w":7,"h":16},{"c":9554,"x0":498,"y0":25,"yoffs":5,"w":8,"h":11},{"c":9555,"x0":229,"y0":106,"yoffs":7,"w":8,"h":9},{"c":9556,"x0":4,"y0":50,"yoffs":5,"w":8,"h":11},{"c":9557,"x0":21,"y0":50,"yoffs":5,"xpad":3,"w":5,"h":11},{"c":9558,"x0":246,"y0":106,"yoffs":7,"xpad":1,"w":7,"h":9},{"c":9559,"x0":35,"y0":50,"yoffs":5,"xpad":1,"w":7,"h":11},{"c":9560,"x0":455,"y0":102,"w":8,"h":8},{"c":9561,"x0":472,"y0":102,"w":8,"h":8},{"c":9562,"x0":489,"y0":102,"w":8,"h":8},{"c":9563,"x0":4,"y0":126,"xpad":3,"w":5,"h":8},{"c":9564,"x0":18,"y0":126,"xpad":1,"w":7,"h":8},{"c":9565,"x0":34,"y0":126,"xpad":1,"w":7,"h":8},{"c":9566,"x0":116,"y0":4,"w":8,"h":16},{"c":9567,"x0":133,"y0":4,"w":8,"h":16},{"c":9568,"x0":150,"y0":4,"w":8,"h":16},{"c":9569,"x0":167,"y0":4,"xpad":3,"w":5,"h":16},{"c":9570,"x0":181,"y0":4,"xpad":1,"w":7,"h":16},{"c":9571,"x0":197,"y0":4,"xpad":1,"w":7,"h":16},{"c":9572,"x0":51,"y0":50,"yoffs":5,"w":8,"h":11},{"c":9573,"x0":262,"y0":106,"yoffs":7,"w":8,"h":9},{"c":9574,"x0":68,"y0":50,"yoffs":5,"w":8,"h":11},{"c":9575,"x0":50,"y0":126,"w":8,"h":8},{"c":9576,"x0":67,"y0":126,"w":8,"h":8},{"c":9577,"x0":84,"y0":126,"w":8,"h":8},{"c":9578,"x0":213,"y0":4,"w":8,"h":16},{"c":9579,"x0":230,"y0":4,"w":8,"h":16},{"c":9580,"x0":247,"y0":4,"w":8,"h":16},{"c":9600,"x0":467,"y0":119,"w":8,"h":7},{"c":9604,"x0":279,"y0":106,"yoffs":7,"w":8,"h":9},{"c":9608,"x0":264,"y0":4,"w":8,"h":16},{"c":9612,"x0":281,"y0":4,"xpad":4,"w":4,"h":16},{"c":9616,"x0":294,"y0":4,"w":8,"h":16},{"c":9617,"x0":311,"y0":4,"w":8,"h":16},{"c":9618,"x0":328,"y0":4,"xpad":1,"w":9,"h":16},{"c":9619,"x0":346,"y0":4,"xpad":1,"w":9,"h":16},{"c":9632,"x0":484,"y0":119,"yoffs":4,"xpad":2,"w":6,"h":7},{"c":65533,"x0":383,"y0":87,"yoffs":3,"xpad":1,"w":8,"h":10}]}